"priority","status","school_name","city_state","website","source_url","public_contact","phone","email","decision_maker","fit_reason","enrollment_signal","first_observation","next_action","last_touch","next_touch","notes"
"A","Draft Created","Hope Montessori Academy","Needs city verification, CO","https://www.google.com/aclk?sa=L&ai=DChsSEwj9pJSiqeyUAxXMhsIIHbSMFIMYACICCAEQAxoCamY&co=1&ase=2&gclid=Cj0KCQjwof_QBhCgARIsADaMzOfVDqvvMgghFkU2fi7dilxUpaTf-uoVQ9_SDbLQGR-SXiZxfwEyahkaAu8VEALw_wcB&cid=CAAS0wHkaI2weSambEjYisfs1Z9gyYlUWO1J4qfl33c7h4ADwWxSa9hJB2iq4XSLQqIm15ps4T_NLMMlc9quC0RcBFCMo4asTOqAQEv3mnYLziYolUBALZq9tsA8dNozcfAXAgSVmHXE4SnCudkw5UPqdn5NnLGX3lXXgukCFP3LlgpSnv9iZ3L8ZeAdWohHPMEONbGeYiQYZs5TJ4bm9cyl48SrWov63_PcqEoEa_YEVbtB5jZQslOGl6X3q6dAPx84I6UQYUlroSCgmknusnakFvI1uz8w&cce=2&category=acrcp_v1_32&sig=AOD64_0Ip-TgR-y7dtJvGZr9g6-Y_iOXGA&adurl&q&ctype=99&nis=6","https://www.google.com/maps/place/Hope+Montessori+Academy/data=!4m7!3m6!1s0x876c74345aa608bf:0x801e02c4abc146ff!8m2!3d39.916884!4d-104.982139!16s%2Fg%2F1hc0w18y2!19sChIJvwimWjR0bIcR_0bBq8QCHoA?authuser=0&hl=en&rclk=1","Colorado leadership: Norm Deeba President; Genevieve Bonsall Executive Director; Sarah Penn site director context","303-255-8151","norm.deeba@hopeacademy.com","Norm Deeba (President, Hope Montessori Academy - Colorado); Genevieve Bonsall (Executive Director, Colorado); site director varies by location","Multi-site Montessori early childhood organization; Colorado leadership oversees growth, underperforming programs, operations, and site development","Montessori school; rating not captured; review count not captured","Multi-site Montessori organization with location-level tour/enrollment paths; audit should focus on converting parent search interest into tour requests across the specific location.","Review draft, decide if Hope is outside protected market, then send or skip.","2026-06-04","","Imported from user CSV. Address: 12121 Pennsylvania Street. Hours/export note: Opens 6:30 AM Thu. LinkedIn/Apollo context added: Norm Deeba is President at Hope Montessori Academy - Colorado and describes oversight of multi-site Montessori early childhood programs, site development, operations, acquisitions, and transforming underperforming programs. Genevieve Bonsall is Executive Director at Hope Montessori Academy - Colorado and Regional Director. Sarah Penn is Preschool Site Director in Henderson and previously Director at Hope Montessori Academy Broomfield."
"A","Email Bounced","Montessori Academy of Colorado","Denver, CO","https://www.montessoriacademyofcolorado.org","https://www.montessoriacademyofcolorado.org/about/contact-us","Marissa Travis enrollment; Admissions; Jennifer Lucero strategy/growth","303-623-2609","admissions@tmaoc.com; marissa@tmaoc.com (bounced 2026-06-04)","Marissa Travis (Associate Director of Enrollment); Jennifer Lucero (Director of Strategy & Growth); Admissions Team","Private Montessori academy with multiple programs and clear admissions contact; Apollo shows enrollment and strategy/growth leadership","Admissions email and school-day hours public; rolling applications and tours after inquiry","Contact page has admissions details; audit can focus on Google/profile-to-tour conversion, inquiry-to-tour clarity, and measurable growth path","Call 303-623-2609 today and ask who handles enrollment/admissions strategy; use admissions@tmaoc.com for email only.","2026-06-04","","Large enough to justify retainer if fall enrollment priority exists. Apollo info added: Marissa Travis is Associate Director of Enrollment and primary outreach contact at marissa@tmaoc.com. Jennifer Lucero is Director of Strategy & Growth and a strategic secondary. Layne is Director of Development. Teacher/admin contacts shown in Apollo are not buying contacts for this outreach. Bounce received 2026-06-04: marissa@tmaoc.com address not found/unable to receive mail. Treat Apollo email as invalid; use public admissions inbox or phone. LinkedIn touch 2026-06-04: sent Jennifer Lucero note+connection. Marissa email bounced; use admissions/phone."
"A","Sent","Montessori School at Lone Tree","Lone Tree, CO","https://montessoriatlonetree.com","https://montessoriatlonetree.com/admissions/","Front office; John Pilon owner/board; Marci Pilon operations","303-799-8540","frontoffice@montessoriatlonetree.com; john.pilon@montessoriatlonetree.com","John Pilon (Owner / President Board of Directors); Marilyn Papke (Director & Head of School); Marci Pilon (Director of Operations)","Private early-childhood Montessori; clear fall enrollment signal; Apollo shows owner/board and operations contacts","Currently enrolling for Fall 2026; tour and admissions inquiry links; Apollo identifies John Pilon as owner/board-level contact","Fall 2026 enrollment is explicit; audit can focus on simplifying the path across book-a-tour, tuition info, and summer/fall enrollment CTAs","Call 303-799-8540 today and ask for John, Marilyn, or Marci; avoid another written touch until reply or follow-up window.","2026-06-04","","Apollo info added: John Pilon owner/president board, john.pilon@montessoriatlonetree.com; Marci Pilon Director of Operations; Maria Tate teacher assistant not a buying contact. Public site also lists Marilyn Papke as Director & Head of School and Marci as Director of Operations. LinkedIn touch 2026-06-04: sent John Pilon note+connection; sent Marci Pilon connection; sent Marilyn Papke connection."
"A","Voicemail Left","Montessori School of Denver","Denver, CO","https://montessoridenver.org","https://montessoridenver.org/contact/","Amy Carr enrollment; Jennifer Wettstein marketing/comms; admission office","720-606-4321","acarr@msd-co.org; jwettstein@msd-co.org; info@msd-co.org","Amy Carr (Director, Enrollment Management & Tuition Assistance); Jennifer Wettstein (Director Marketing Communications); Jane Connard (Associate Director of Admission)","Established private Montessori with admissions leadership, marketing/comms leadership, and meaningful enrollment economics","Inquiry form and schedule-a-tour language; Apollo confirms enrollment and marketing contacts","Admissions contact is public; audit should focus on whether parent path from program pages to inquiry is clear, measurable, and supported by marketing/comms","Amy Carr voicemail left; extension 1007. Wait for response today; follow up by email/LinkedIn in 2-3 business days if no reply.","2026-06-04","","Larger established school; may have existing marketing but worth A/B outreach. Apollo info added: Amy Carr is Director, Enrollment Management & Tuition Assistance and primary outreach contact at acarr@msd-co.org. Jennifer Wettstein is Director Marketing Communications at jwettstein@msd-co.org and useful if discussing website/marketing path. Aaron Ney appears related to family onboarding/student transition; Ashley Randle is Communications Manager; classroom staff are not buying contacts. LinkedIn touch 2026-06-04: sent Amy Carr note+connection and Jennifer Wettstein connection. Call 2026-06-04: reached Amy Carr voicemail; extension 1007."
"B","Sent","A Child's Touch","Thornton, CO","http://www.achildstouch.com/","https://www.google.com/maps/place/A+Child%27s+Touch/data=!4m7!3m6!1s0x876c771ff05d9f81:0x4555a293736fb7b6!8m2!3d39.8617534!4d-104.9624197!16s%2Fg%2F1wnbyhqx!19sChIJgZ9d8B93bIcRtrdvc5OiVUU?authuser=0&hl=en&rclk=1","Derek Holman director; Mike Grillo founder; general office","303-286-8460","dholman@achildstouch.com (inferred); mgrillo@achildstouch.com (inferred); ahuber@achildstouch.com (inferred); info@achildstouch.com; jhuber@achildstouch.com; adoe@achildstouch.com","Derek Holman (Director); Mike Grillo (Founder); Ashriel Huber (Assistant Director / Kindergarten context)","Early education / childcare prospect from user list; established Christian early childhood program with strong trust story","Day care center; 4.6 rating; 44 Google reviews; Request a Tour / Join Us Now path","Public website and Google listing are present; audit should focus on turning parent trust, reviews, and long operating history into inquiry or tour requests.","Call 303-286-8460 today and ask for Derek Holman; if unavailable, ask who handles tours/enrollment.","2026-06-09","","Imported from user CSV. Address: 9141 Poze Blvd. Apollo info added: Mike Grillo is Founder; Joey Huber is Early Childhood Educator with confirmed pattern jhuber@achildstouch.com; Amanda Doe is Assistant Teacher with confirmed pattern adoe@achildstouch.com; inferred emails from pattern: Derek Holman dholman@achildstouch.com, Mike Grillo mgrillo@achildstouch.com, Ashriel Huber ahuber@achildstouch.com. Public site identifies Derek Holman as Director and best buyer. Teacher contacts are not outreach targets. LinkedIn touch 2026-06-04: Derek Holman not found; sent Mike Grillo connection. Facebook page messaged 2026-06-04. First email sent 2026-06-09."
"B","Sent","A New Generation Childcare III","Thornton, CO","https://anewgenerationchild.care/","https://www.google.com/maps/place/A+New+Generation+Childcare+III/data=!4m7!3m6!1s0x876c77e4966fcbab:0x8745cccf58dc8719!8m2!3d39.8611099!4d-104.9802118!16s%2Fg%2F11hn8r3mx5!19sChIJq8tvluR3bIcRGYfcWM_MRYc?authuser=0&hl=en&rclk=1","Anita Pacheco president/owner record; Jeanne Headley director record; Tassi Angel site/blog author; location office","303-288-3896","anewgeneration525@gmail.com; anewgeneration3@myyahoo.com; general site also lists anewgeneration4050@gmail.com","Anita Pacheco (President / Owner in BBB and directory records); Jeanne Headley (Director in BBB and directory records); Tassi Angel (active site/blog author, role not confirmed)","Early education / childcare prospect from user list","Child care agency; 4.7 rating; 13 Google reviews","Public website and Google listing are present; audit should focus on turning parent interest into inquiry or tour requests. Review language suggests parent trust can be used more intentionally.","Call 303-288-3896 and ask for Anita Pacheco, Jeanne Headley, or the director for enrollment/tours.","2026-06-09","","Imported from user CSV. Address: 525 Russell Blvd. Hours/export note: Closed. Facebook page messaged 2026-06-04. Research 2026-06-04: current site confirms 3 locations, 30+ year story, tour CTA, and location phone numbers. BBB lists Anita Pacheco as President and Jeanne Headley as Director for A New Generation Inc. Business directory also lists Anita Pacheco as Owner for 4050 E 100th and Pam Porter as Director for Broomfield. Tassi Angel writes site/blog content but buyer role is unconfirmed. First email sent 2026-06-09 after relevance update. Website footer says powered by Marketing 360, so they likely have some marketing support already in place."
"B","New Lead","A New Generation Childcare Preschool","Needs city verification, CO","https://anewgenerationchild.care/","https://www.google.com/maps/place/A+New+Generation+Childcare+Preschool/data=!4m7!3m6!1s0x876c76cd23bac0c3:0xa6d67a2a81460be6!8m2!3d39.8771092!4d-104.9391135!16s%2Fg%2F1tdx00np!19sChIJw8C6I812bIcR5gtGgSp61qY?authuser=0&hl=en&rclk=1","Anita Pacheco president/owner record; Jeanne Headley director record; Tassi Angel site/blog author; location office","303-280-1650","anewgeneration4050@gmail.com","Anita Pacheco (President / Owner in BBB and directory records); Jeanne Headley (Director in BBB and directory records); Tassi Angel (active site/blog author, role not confirmed)","Early education / childcare prospect from user list","Day care center; 3.8 rating; 28 Google reviews","Public website and Google listing are present; audit should focus on turning parent interest into inquiry or tour requests. Review language suggests parent trust can be used more intentionally.","Call 303-280-1650 and ask for Anita Pacheco, Jeanne Headley, or the director for enrollment/tours.","","","Imported from user CSV. Address: 4050 E 100th Ave G. Hours/export note: Closed. Research 2026-06-04: current site confirms 3 locations, 30+ year story, tour CTA, and location phone numbers. BBB lists Anita Pacheco as President and Jeanne Headley as Director for A New Generation Inc. Business directory also lists Anita Pacheco as Owner for 4050 E 100th and Pam Porter as Director for Broomfield. Tassi Angel writes site/blog content but buyer role is unconfirmed."
"B","New Lead","Adams 14 Stars Early Learning Center","Needs city verification, CO","http://stars.adams14.org/","https://www.google.com/maps/place/Adams+14+Stars+Early+Learning+Center/data=!4m7!3m6!1s0x876c7a45f9c352d1:0xd396ebb8c0f66f80!8m2!3d39.7994297!4d-104.9084811!16s%2Fg%2F1hc2rzrkz!19sChIJ0VLD-UV6bIcRgG_2wLjrltM?authuser=0&hl=en&rclk=1","General office","303-853-5000","","Unknown","Early education / childcare prospect from user list","Preschool; 4.8 rating; 11 Google reviews","Public website and Google listing are present; audit should focus on turning parent interest into inquiry or tour requests.","Verify city/contact, add one school-specific observation, then email and call.","","","Imported from user CSV. Address: 5650 Bowen Ct. Hours/export note: Closed."
"B","Sent","Black Forest Montessori","Colorado Springs, CO","https://blackforestmontessori.com","https://blackforestmontessori.com/contact-us/","Admissions team","719-755-1265","BlackForestMontessori@gmail.com","Unknown","Private Montessori preschool; regional fit","Admissions team schedules tours; responds within one business day","Contact page promises quick response; audit can focus on missed-call text-back, GBP, and inquiry capture","Call today 5-20 minutes after sending; also check Facebook/LinkedIn for a same-day manual touch.","2026-06-04","","Good fit if capacity exists."
"B","New Lead","Bright Future Preschool","Needs city verification, CO","http://www.brightfuturepreschool.org/","https://www.google.com/maps/place/Bright+Future+Preschool/data=!4m7!3m6!1s0x876c73dd4d952fc7:0xad9ab7c2f9c403b6!8m2!3d39.918615!4d-104.914712!16s%2Fg%2F1trxf5pc!19sChIJxy-VTd1zbIcRtgPE-cK3mq0?authuser=0&hl=en&rclk=1","General office","303-452-5004","","Unknown","Early education / childcare prospect from user list","Preschool; 5 rating; 53 Google reviews","Public website and Google listing are present; audit should focus on turning parent interest into inquiry or tour requests. Review language suggests parent trust can be used more intentionally.","Verify city/contact, add one school-specific observation, then email and call.","","","Imported from user CSV. Address: Holly St. Hours/export note: ."
"B","New Lead","Bright Horizons at The Ranch Reserve","Needs city verification, CO","https://www.brighthorizons.com/daycare-centers/co/westminster/11305-decatur-street-80234?utm_source=google&utm_medium=organic&utm_campaign=gmb&utm_term=weblink&utm_content=centerwebsite&IMS_SOURCE_SPECIFY=google%7Corganic%7Cgmb%7Cweblink%7Ccenterwebsite","https://www.google.com/maps/place/Bright+Horizons+at+The+Ranch+Reserve/data=!4m7!3m6!1s0x876c75fbb1dce803:0xf71593b28c0aa958!8m2!3d39.9017135!4d-105.0242967!16s%2Fg%2F1tr7jwlt!19sChIJA-jcsft1bIcRWKkKjLKTFfc?authuser=0&hl=en&rclk=1","General office","720-213-9615","","Unknown","Early education / childcare prospect from user list","Day care center; 4 rating; 26 Google reviews","Public website and Google listing are present; audit should focus on turning parent interest into inquiry or tour requests. Review language suggests parent trust can be used more intentionally.","Verify city/contact, add one school-specific observation, then email and call.","","","Imported from user CSV. Address: 11305 Decatur St. Hours/export note: Closed."
"B","Not Interested","Bundles of Babies","Thornton, CO","http://www.bundleofbabies.com/","https://www.google.com/maps/place/Bundles+of+Babies/data=!4m7!3m6!1s0x876c77034c5461bd:0xbdb23505eef822b!8m2!3d39.8564839!4d-104.9740867!16s%2Fg%2F1tgh8153!19sChIJvWFUTAN3bIcRK4LvXlAj2ws?authuser=0&hl=en&rclk=1","General office","303-227-3333","info@bundleofbabies.com","Unknown","Early education / childcare prospect from user list","Day care center; 4.9 rating; 34 Google reviews","Public website and Google listing are present; audit should focus on turning parent interest into inquiry or tour requests. Review language suggests parent trust can be used more intentionally.","No follow-up for now; possible future nurture only after fall if there is a clear reason.","2026-06-10","","Imported from user CSV. Address: 941 E 88th Ave. Hours/export note: Closed. First email sent 2026-06-09. Website looks AI-made, suggesting they may have someone or an agency in place now or previously. Call 2026-06-10: said they are already working with somebody and are not interested at this time."
"B","New Lead","Cross of Christ Preschool and Kindergarten","Needs city verification, CO","http://cross-of-christ-preschool.org/","https://www.google.com/maps/place/Cross+of+Christ+Preschool+and+Kindergarten/data=!4m7!3m6!1s0x876b8a75b578c0d3:0x42457fd6b66372b1!8m2!3d39.9167903!4d-105.0350771!16s%2Fg%2F11c1vjrpbw!19sChIJ08B4tXWKa4cRsXJjttZ_RUI?authuser=0&hl=en&rclk=1","General office","303-469-1574","","Unknown","Early education / childcare prospect from user list","Preschool; 5 rating; 15 Google reviews","Public website and Google listing are present; audit should focus on turning parent interest into inquiry or tour requests. Review language suggests parent trust can be used more intentionally.","Verify city/contact, add one school-specific observation, then email and call.","","","Imported from user CSV. Address: 12099 Lowell Blvd. Hours/export note: Closed."
"B","Sent","Della Casa Montessori","Colorado Springs, CO","https://dellacasamontessori.com","https://dellacasamontessori.com/enrollment-1","General admissions","","sarahf@dellacasamontessori.com","Unknown","New private preschool; likely growth-oriented","Currently enrolling for 2026 summer and Fall 2026/Spring 2027","Explicit current enrollment language; audit can focus on filling newer program capacity","Find phone or use contact form for same-day follow-up after email.","2026-06-09","","Potential strong growth need. First email sent 2026-06-09. Facebook revealed they are running ads on King Soopers grocery carts."
"B","New Lead","Early Learning Center at F.M. Day","Needs city verification, CO","https://fmday.wps.org/","https://www.google.com/maps/place/Early+Learning+Center+at+F.M.+Day/data=!4m7!3m6!1s0x876c77f2d6b3035f:0x2d53315b1c1d2a8f!8m2!3d39.8236795!4d-105.0078638!16s%2Fm%2F076m60t!19sChIJXwOz1vJ3bIcRjyodHFsxUy0?authuser=0&hl=en&rclk=1","General office","303-428-1330","","Unknown","Early education / childcare prospect from user list","Preschool; 3.8 rating; 13 Google reviews","Public website and Google listing are present; audit should focus on turning parent interest into inquiry or tour requests. Review language suggests parent trust can be used more intentionally.","Verify city/contact, add one school-specific observation, then email and call.","","","Imported from user CSV. Address: 1740 Jordan Dr. Hours/export note: Closed."
"B","New Lead","East Thornton KinderCare","Needs city verification, CO","https://www.kindercare.com/our-centers/thornton/co/301536?utm_campaign=kc-lg&utm_source=yext&utm_medium=pro&utm_keyword=&utm_platform=&utm_matchtype=&utm_adgroupid=&utm_content=gmb&y_source=1_NTA3OTI3LTcxNS1sb2NhdGlvbi53ZWJzaXRl","https://www.google.com/maps/place/East+Thornton+KinderCare/data=!4m7!3m6!1s0x876c738a8e80b2ab:0xd611ed0a0d567292!8m2!3d39.927937!4d-104.9378665!16s%2Fg%2F1vd76dky!19sChIJq7KAjopzbIcRknJWDQrtEdY?authuser=0&hl=en&rclk=1","General office","303-451-5210","","Unknown","Early education / childcare prospect from user list","Preschool; 4.2 rating; 27 Google reviews","Public website and Google listing are present; audit should focus on turning parent interest into inquiry or tour requests. Review language suggests parent trust can be used more intentionally.","Verify city/contact, add one school-specific observation, then email and call.","","","Imported from user CSV. Address: 4200 E 128th Ave. Hours/export note: Closed."
"B","Sent","Eastlake Montessori School","Thornton, CO","http://www.eastlakemontessori.com/","https://www.google.com/maps/place/Eastlake+Montessori+School/data=!4m7!3m6!1s0x876c746ae54a2eef:0x468911bfc1c2e1be!8m2!3d39.9246157!4d-104.9603192!16s%2Fg%2F1vpps_z3!19sChIJ7y5K5Wp0bIcRvuHCwb8RiUY?authuser=0&hl=en&rclk=1","General office","303-452-3835","questions@eastlakemontessori.com","Unknown","Early education / childcare prospect from user list","Preschool; 4.8 rating; 10 Google reviews","Public website and Google listing are present; audit should focus on turning parent interest into inquiry or tour requests. Review language suggests parent trust can be used more intentionally.","Call today 5-20 minutes after sending; also check Facebook/LinkedIn for a same-day manual touch.","2026-06-04","","Imported from user CSV. Address: 12585 3rd St. Hours/export note: ."
"B","New Lead","Garfield Montessori School","Denver, CO","https://garfieldmontessori.org","https://garfieldmontessori.org/","General office","303-388-8828","","Unknown","Nonprofit Montessori in Denver; local and niche fit","Request a Tour and Admissions Info visible","Website has a Request a Tour path; audit can inspect homepage clarity and whether trust signals support the tour CTA","Find director/admissions contact, then send","","","No email captured from source; research contact page before outreach."
"B","New Lead","Hills Academy","Needs city verification, CO","https://hills.academy/","https://www.google.com/maps/place/Hills+Academy/data=!4m7!3m6!1s0x876c0d0ea59926a9:0x93dff34479b7cc19!8m2!3d39.989254!4d-104.92752!16s%2Fg%2F11kb12kq7w!19sChIJqSaZpQ4NbIcRGcy3eUTz35M?authuser=0&hl=en&rclk=1","General office","720-307-4439","","Unknown","Early education / childcare prospect from user list","Preschool; 4.8 rating; 12 Google reviews","Public website and Google listing are present; audit should focus on turning parent interest into inquiry or tour requests. Review language suggests parent trust can be used more intentionally.","Verify city/contact, add one school-specific observation, then email and call.","","","Imported from user CSV. Address: 5061 E 160th Ave. Hours/export note: Closed."
"B","New Lead","Hope Montessori Academy","Needs city verification, CO","http://www.montessorichild.com/","https://www.google.com/maps/place/Hope+Montessori+Academy/data=!4m7!3m6!1s0x876c75055c18c1f7:0x8fcbf4f4814ed06b!8m2!3d39.9460138!4d-104.9974398!16s%2Fg%2F1v_w2vk_!19sChIJ98EYXAV1bIcRa9BOgfT0y48?authuser=0&hl=en&rclk=1","Colorado leadership: Norm Deeba President; Genevieve Bonsall Executive Director; Sarah Penn site director context","303-457-4400","norm.deeba@hopeacademy.com","Norm Deeba (President, Hope Montessori Academy - Colorado); Genevieve Bonsall (Executive Director, Colorado); site director varies by location","Multi-site Montessori early childhood organization; Colorado leadership oversees growth, underperforming programs, operations, and site development","Child care agency; 4.3 rating; 43 Google reviews","Multi-site Montessori organization with location-level tour/enrollment paths; audit should focus on converting parent search interest into tour requests across the specific location.","Decide if this location is outside protected market; if yes, use Norm as executive contact and call the site office.","","","Imported from user CSV. Address: 13785 Huron St. Hours/export note: Closed. LinkedIn/Apollo context added: Norm Deeba is President at Hope Montessori Academy - Colorado and describes oversight of multi-site Montessori early childhood programs, site development, operations, acquisitions, and transforming underperforming programs. Genevieve Bonsall is Executive Director at Hope Montessori Academy - Colorado and Regional Director. Sarah Penn is Preschool Site Director in Henderson and previously Director at Hope Montessori Academy Broomfield."
"B","New Lead","Imago Montessori Academy","Colorado Springs, CO","https://www.imagomontessori.com","https://www.imagomontessori.com/admissions/schedule-a-tour/","Tours","408-881-4853","tours@imagomontessori.com","Unknown","Regional private Christian Montessori; clear tour path","Schedule a tour; admissions conversation includes tuition and timeline","Tour page is detailed; audit can inspect homepage-to-tour conversion and local visibility","Verify phone area code; send regional email","","","Regional A/B prospect; phone may need verification."
"B","New Lead","Jump Start Early Learning Academy","Needs city verification, CO","https://jumpstartqualitychildcare.com/","https://www.google.com/maps/place/Jump+Start+Early+Learning+Academy/data=!4m7!3m6!1s0x876c774684a4fff3:0xfd39b93b66238701!8m2!3d39.8691716!4d-104.9806985!16s%2Fg%2F11h_xhk8mz!19sChIJ8_-khEZ3bIcRAYcjZju5Of0?authuser=0&hl=en&rclk=1","General office","303-280-1632","","Unknown","Early education / childcare prospect from user list","Day care center; 4.5 rating; 72 Google reviews","Public website and Google listing are present; audit should focus on turning parent interest into inquiry or tour requests. Review language suggests parent trust can be used more intentionally.","Verify city/contact, add one school-specific observation, then email and call.","","","Imported from user CSV. Address: 550 Thornton Pkwy Suite 100. Hours/export note: Closed."
"B","New Lead","La Petite Academy of Thornton","Needs city verification, CO","https://www.lapetite.com/your-local-school/thornton-co-7249/?utm_source=google&utm_medium=local&utm_campaign=localmaps&utm_content=7249","https://www.google.com/maps/place/La+Petite+Academy+of+Thornton/data=!4m7!3m6!1s0x876c740a2309d33f:0x9b968d91891e4172!8m2!3d39.920902!4d-104.9406649!16s%2Fg%2F1tdvknz5!19sChIJP9MJIwp0bIcRckEeiZGNlps?authuser=0&hl=en&rclk=1","General office","877-271-6466","","Unknown","Early education / childcare prospect from user list","Day care center; 4 rating; 63 Google reviews","Public website and Google listing are present; audit should focus on turning parent interest into inquiry or tour requests. Review language suggests parent trust can be used more intentionally.","Verify city/contact, add one school-specific observation, then email and call.","","","Imported from user CSV. Address: 3900 E 124th Ave. Hours/export note: Closed."
"B","New Lead","La Petite Academy of Westminster","Needs city verification, CO","https://www.lapetite.com/your-local-school/westminster-co-7250/?utm_source=google&utm_medium=local&utm_campaign=localmaps&utm_content=7250","https://www.google.com/maps/place/La+Petite+Academy+of+Westminster/data=!4m7!3m6!1s0x876b8a22d722ecb9:0x8ec3febc5bc07e16!8m2!3d39.8994146!4d-105.0584477!16s%2Fg%2F1td4_blp!19sChIJuewi1yKKa4cRFn7AW7z-w44?authuser=0&hl=en&rclk=1","General office","877-271-6466","","Unknown","Early education / childcare prospect from user list","Day care center; 4.1 rating; 23 Google reviews","Public website and Google listing are present; audit should focus on turning parent interest into inquiry or tour requests. Review language suggests parent trust can be used more intentionally.","Verify city/contact, add one school-specific observation, then email and call.","","","Imported from user CSV. Address: 11180 Eaton St. Hours/export note: Closed."
"B","New Lead","Little Boots Early Learning Center","Needs city verification, CO","https://www.littlebootslearning.com/","https://www.google.com/maps/place/Little+Boots+Early+Learning+Center/data=!4m7!3m6!1s0x876c75ce80c76c79:0xf4d5aa6f972af397!8m2!3d39.9113223!4d-104.9917736!16s%2Fg%2F11bzt5ns98!19sChIJeWzHgM51bIcRl_Mql2-q1fQ?authuser=0&hl=en&rclk=1","General office","303-452-8200","","Unknown","Early education / childcare prospect from user list","Preschool; 4.1 rating; 36 Google reviews","Public website and Google listing are present; audit should focus on turning parent interest into inquiry or tour requests. Review language suggests parent trust can be used more intentionally.","Verify city/contact, add one school-specific observation, then email and call.","","","Imported from user CSV. Address: 11840 Delaware Ct. Hours/export note: Closed."
"B","New Lead","Little Lights Christian Early Learning Center","Needs city verification, CO","https://www.littlelights-christian.org/","https://www.google.com/maps/place/Little+Lights+Christian+Early+Learning+Center/data=!4m7!3m6!1s0x876c74d083657eed:0xa8153728bb16be63!8m2!3d39.9712299!4d-104.977667!16s%2Fg%2F1vvr6pw5!19sChIJ7X5lg9B0bIcRY74Wuyg3Fag?authuser=0&hl=en&rclk=1","General office","720-872-2200","","Unknown","Early education / childcare prospect from user list","Preschool; 5 rating; 26 Google reviews","Public website and Google listing are present; audit should focus on turning parent interest into inquiry or tour requests. Review language suggests parent trust can be used more intentionally.","Verify city/contact, add one school-specific observation, then email and call.","","","Imported from user CSV. Address: 15150 Washington St. Hours/export note: Closed."
"B","New Lead","Little Smiles Bilingual Daycare","Needs city verification, CO","https://littlesmilesbilingualdaycare.com/","https://www.google.com/maps/place/Little+Smiles+Bilingual+Daycare/data=!4m7!3m6!1s0x876c77996b64c31f:0x5d99cabb60aab5c4!8m2!3d39.8721197!4d-104.9981016!16s%2Fg%2F11kk0qhym2!19sChIJH8Nka5l3bIcRxLWqYLvKmV0?authuser=0&hl=en&rclk=1","General office","720-206-7899","","Unknown","Early education / childcare prospect from user list","Day care center; 5 rating; 26 Google reviews","Public website and Google listing are present; audit should focus on turning parent interest into inquiry or tour requests. Review language suggests parent trust can be used more intentionally.","Verify city/contact, add one school-specific observation, then email and call.","","","Imported from user CSV. Address: . Hours/export note: Closed."
"B","New Lead","Little Sunshine's Playhouse of Thornton, CO","Needs city verification, CO","https://littlesunshine.com/school/thornton-colorado/?utm_source=google&utm_medium=thornton-gbp&utm_campaign=thornton-gbp","https://www.google.com/maps/place/Little+Sunshine%27s+Playhouse+of+Thornton,+CO/data=!4m7!3m6!1s0x876c73f3cdb42355:0x7a921a18b34f4feb!8m2!3d39.927317!4d-104.904346!16s%2Fg%2F11w42q4g77!19sChIJVSO0zfNzbIcR609Psxgakno?authuser=0&hl=en&rclk=1","General office","720-571-0192","","Unknown","Early education / childcare prospect from user list","Preschool; 4.7 rating; 55 Google reviews","Public website and Google listing are present; audit should focus on turning parent interest into inquiry or tour requests. Review language suggests parent trust can be used more intentionally.","Call today or next business morning and ask for director/enrollment contact.","2026-06-04","","Imported from user CSV. Address: 7124 E 128th Ave. Hours/export note: Closed. Facebook page messaged 2026-06-04."
"B","New Lead","Littleton Montessori School","Littleton, CO","https://littletonmontessori.com","https://littletonmontessori.com/programs/","General office","303-972-8555","","Unknown","Local Montessori school serving 12 months through kindergarten","Programs page asks families to call to visit for a tour","Tour next step appears phone-based; audit can focus on missed-call recovery and clearer inquiry capture","Find email/contact form; call if email not public","","","Good fit for phone-first approach."
"B","New Lead","Mom's House Learning Center","Needs city verification, CO","https://www.momshouselearningcenter.com/","https://www.google.com/maps/place/Mom%27s+House+Learning+Center/data=!4m7!3m6!1s0x4077267f3df3a3b5:0xa52c10d27197311a!8m2!3d39.9128421!4d-104.9553547!16s%2Fg%2F11b6b3pcbb!19sChIJtaPzPX8md0ARGjGXcdIQLKU?authuser=0&hl=en&rclk=1","General office","720-800-7259","","Unknown","Early education / childcare prospect from user list","Child care agency; 5 rating; 67 Google reviews","Public website and Google listing are present; audit should focus on turning parent interest into inquiry or tour requests. Review language suggests parent trust can be used more intentionally.","Verify city/contact, add one school-specific observation, then email and call.","","","Imported from user CSV. Address: 2650, 2636 E 120th Ave. Hours/export note: Closed."
"B","New Lead","Montessori Children's House of Denver","Denver, CO","https://mchdenver.org","https://mchdenver.org/classroom/primary/","Admissions / Executive Director","303-320-4900","excdirector@mchdenver.org","Unknown","Private Montessori serving toddlers, primary, and elementary","Primary page has schedule-tour CTA and enrollment language","Program page has tour CTAs; audit can inspect whether parents see availability, trust, and next steps quickly","Verify current contact from official site, then send","","","Contact data partly from directory result; verify before outreach."
"B","New Lead","New Horizon Academy","Needs city verification, CO","https://www.newhorizonacademy.net/location/thornton-co/","https://www.google.com/maps/place/New+Horizon+Academy/data=!4m7!3m6!1s0x876c75bf4e786461:0xad1153af11f6b642!8m2!3d39.9462951!4d-104.9398295!16s%2Fg%2F11yg_wc716!19sChIJYWR4Tr91bIcRQrb2Ea9TEa0?authuser=0&hl=en&rclk=1","General office","720-336-7934","","Unknown","Early education / childcare prospect from user list","Day care center; 4.3 rating; 12 Google reviews","Public website and Google listing are present; audit should focus on turning parent interest into inquiry or tour requests. Review language suggests parent trust can be used more intentionally.","Verify city/contact, add one school-specific observation, then email and call.","","","Imported from user CSV. Address: 13802 Colorado Blvd. Hours/export note: Closed."
"B","New Lead","Noah's Ark Learning Center","Needs city verification, CO","https://www.noahsarklc.com/","https://www.google.com/maps/place/Noah%27s+Ark+Learning+Center/data=!4m7!3m6!1s0x876c760292636abb:0xa65f47e8149149c7!8m2!3d39.885654!4d-105.031037!16s%2Fg%2F1tj2ch6r!19sChIJu2pjkgJ2bIcRx0mRFOhHX6Y?authuser=0&hl=en&rclk=1","General office","303-466-6887","","Unknown","Early education / childcare prospect from user list","Day care center; 4.3 rating; 23 Google reviews","Public website and Google listing are present; audit should focus on turning parent interest into inquiry or tour requests. Review language suggests parent trust can be used more intentionally.","Verify city/contact, add one school-specific observation, then email and call.","","","Imported from user CSV. Address: 3501 W 104th Ave. Hours/export note: Closed."
"B","New Lead","Northside Baptist Church & Daycare","Needs city verification, CO","https://visitnbc.com/","https://www.google.com/maps/place/Northside+Baptist+Church+%26+Daycare/data=!4m7!3m6!1s0x876c742f276add29:0xac4a1c6fb944dc72!8m2!3d39.9062754!4d-104.9769149!16s%2Fg%2F1td5xn5q!19sChIJKd1qJy90bIcRctxEuW8cSqw?authuser=0&hl=en&rclk=1","General office","303-452-6721","","Unknown","Early education / childcare prospect from user list","Child care agency; 5 rating; 12 Google reviews","Public website and Google listing are present; audit should focus on turning parent interest into inquiry or tour requests. Review language suggests parent trust can be used more intentionally.","Verify city/contact, add one school-specific observation, then email and call.","","","Imported from user CSV. Address: 11550 Washington St. Hours/export note: Closes soon."
"B","New Lead","Nurtured Journey Preschool","Needs city verification, CO","https://www.nurturedjourneypreschool.com/","https://www.google.com/maps/place/Nurtured+Journey+Preschool/data=!4m7!3m6!1s0x876c7748dc7d4ca1:0x1fe435a47735055!8m2!3d39.870882!4d-104.9500443!16s%2Fg%2F11y4l7bzqz!19sChIJoUx93Eh3bIcRVVBzR1pD_gE?authuser=0&hl=en&rclk=1","General office","720-883-6777","","Unknown","Early education / childcare prospect from user list","Child care agency; 4.4 rating; 19 Google reviews","Public website and Google listing are present; audit should focus on turning parent interest into inquiry or tour requests. Review language suggests parent trust can be used more intentionally.","Verify city/contact, add one school-specific observation, then email and call.","","","Imported from user CSV. Address: 3142 E 96th Pl. Hours/export note: Closed."
"B","New Lead","Parker Montessori","Parker, CO","https://parkermontessori.com","https://parkermontessori.com/locations/parker-co/","General office","720-802-4363","","Unknown","Private preschool/childcare center with Montessori positioning","Call to check availability and schedule a tour","Phone-first tour path; audit can focus on missed-call recovery and clearer website conversion","Find email/contact form; call if no email","","","Good for phone-first outreach."
"B","New Lead","Primrose School at Torrey Peaks","Needs city verification, CO","https://www.primroseschools.com/schools/torrey-peaks/?utm_source=gbp&utm_medium=maplistings","https://www.google.com/maps/place/Primrose+School+at+Torrey+Peaks/data=!4m7!3m6!1s0x876b8a40264976b5:0x3c50eb5bf794a89d!8m2!3d39.912097!4d-105.05608!16s%2Fg%2F1tdww58c!19sChIJtXZJJkCKa4cRnaiU91vrUDw?authuser=0&hl=en&rclk=1","General office","303-246-4203","","Unknown","Early education / childcare prospect from user list","Preschool; 4.1 rating; 55 Google reviews","Public website and Google listing are present; audit should focus on turning parent interest into inquiry or tour requests. Review language suggests parent trust can be used more intentionally.","Verify city/contact, add one school-specific observation, then email and call.","","","Imported from user CSV. Address: 5483 W 118th Pl. Hours/export note: Closed."
"B","New Lead","Primrose School of Thornton","Needs city verification, CO","https://www.primroseschools.com/schools/thornton/?utm_source=gbp&utm_medium=maplistings","https://www.google.com/maps/place/Primrose+School+of+Thornton/data=!4m7!3m6!1s0x876c744d80cc2615:0x78f8ccf1f385aa67!8m2!3d39.929969!4d-104.982471!16s%2Fg%2F1tm8l1yk!19sChIJFSbMgE10bIcRZ6qF8_HM-Hg?authuser=0&hl=en&rclk=1","General office","303-279-0525","","Unknown","Early education / childcare prospect from user list","Preschool; 4.6 rating; 33 Google reviews","Public website and Google listing are present; audit should focus on turning parent interest into inquiry or tour requests. Review language suggests parent trust can be used more intentionally.","Verify city/contact, add one school-specific observation, then email and call.","","","Imported from user CSV. Address: 12899 Grant Dr. Hours/export note: Closed."
"B","New Lead","Purple Moon Early Learning Center","Needs city verification, CO","http://www.purplemoonelc.com/","https://www.google.com/maps/place/Purple+Moon+Early+Learning+Center/data=!4m7!3m6!1s0x876c767a31f7f933:0xc5efd991d733144e!8m2!3d39.8925832!4d-104.994736!16s%2Fg%2F11gfn74hrv!19sChIJM_n3MXp2bIcRThQz15HZ78U?authuser=0&hl=en&rclk=1","General office","303-482-2383","","Unknown","Early education / childcare prospect from user list","Child care agency; 4.4 rating; 28 Google reviews","Public website and Google listing are present; audit should focus on turning parent interest into inquiry or tour requests. Review language suggests parent trust can be used more intentionally.","Verify city/contact, add one school-specific observation, then email and call.","","","Imported from user CSV. Address: 650 Kennedy Dr. Hours/export note: Closed."
"B","New Lead","Room to Bloom Preschool","Needs city verification, CO","http://www.roomtobloomthornton.com/","https://www.google.com/maps/place/Room+to+Bloom+Preschool/data=!4m7!3m6!1s0x876c73e8f209e959:0x846d9422d376fc7!8m2!3d39.9200362!4d-104.9198444!16s%2Fg%2F11b6_gn8bq!19sChIJWekJ8uhzbIcRx283LULZRgg?authuser=0&hl=en&rclk=1","General office","720-304-5953","","Unknown","Early education / childcare prospect from user list","Preschool; 5 rating; 19 Google reviews","Public website and Google listing are present; audit should focus on turning parent interest into inquiry or tour requests. Review language suggests parent trust can be used more intentionally.","Verify city/contact, add one school-specific observation, then email and call.","","","Imported from user CSV. Address: 123rd Avenue & Holly St. Thornton. Hours/export note: Closed."
"B","New Lead","School in the Woods Montessori","Denver, CO","https://schoolinthewoodsmontessori.org","https://www.schoolinthewoodsmontessori.org/admissions","Administrator / info","720-201-3929","info@schoolinthewoodsmontessori.org; mpatton@schoolinthewoodsmontessori.org","Melody Patton","Private Montessori; local niche fit","Applications begin Nov 1 for next school year; admissions page exists","Enrollment timing may be less urgent for June, but local private Montessori fit is strong","Send only after A prospects; focus on waitlist/future-year inquiry flow","","","Contact from admissions page and NAMTA directory should be verified before sending."
"B","New Lead","Shapes of Tomorrow Montessori Preschool","Needs city verification, CO","http://www.sotmontessori.com/","https://www.google.com/maps/place/Shapes+of+Tomorrow+Montessori+Preschool/data=!4m7!3m6!1s0x876b89c7142c6f9b:0xb2aecc5788d54ce7!8m2!3d39.8383985!4d-105.0543988!16s%2Fg%2F11jn31v971!19sChIJm28sFMeJa4cR50zViFfMrrI?authuser=0&hl=en&rclk=1","General office","720-642-3880","","Unknown","Early education / childcare prospect from user list","Preschool; 4.9 rating; 17 Google reviews","Public website and Google listing are present; audit should focus on turning parent interest into inquiry or tour requests. Review language suggests parent trust can be used more intentionally.","Verify city/contact, add one school-specific observation, then email and call.","","","Imported from user CSV. Address: 5240 W 78th Pl. Hours/export note: Closed."
"B","New Lead","Step By Step Child Development","Needs city verification, CO","https://www.stepbystepchildcare.net/about-us","https://www.google.com/maps/place/Step+By+Step+Child+Development/data=!4m7!3m6!1s0x876c767b095560b3:0xfc07fcfdb77a4f09!8m2!3d39.890279!4d-104.9940745!16s%2Fg%2F1td7ntj1!19sChIJs2BVCXt2bIcRCU96t_38B_w?authuser=0&hl=en&rclk=1","General office","303-451-1740","","Unknown","Early education / childcare prospect from user list","Day care center; 3.5 rating; 49 Google reviews","Public website and Google listing are present; audit should focus on turning parent interest into inquiry or tour requests. Review language suggests parent trust can be used more intentionally.","Verify city/contact, add one school-specific observation, then email and call.","","","Imported from user CSV. Address: 10689 Melody Dr. Hours/export note: Closed."
"B","New Lead","The Academy ECE of Westminster","Needs city verification, CO","https://www.google.com/aclk?sa=L&ai=DChsSEwj9pJSiqeyUAxXMhsIIHbSMFIMYACICCAEQARoCamY&ae=2&aspm=1&co=1&ase=2&gclid=Cj0KCQjwof_QBhCgARIsADaMzOdtCHjg4qtCS7NvaDQWM0kjNZUi8-x0qfFvTq8ELp9hk-Dc8HRrKQgaAqa2EALw_wcB&cid=CAAS0wHkaI2weSambEjYisfs1Z9gyYlUWO1J4qfl33c7h4ADwWxSa9hJB2iq4XSLQqIm15ps4T_NLMMlc9quC0RcBFCMo4asTOqAQEv3mnYLziYolUBALZq9tsA8dNozcfAXAgSVmHXE4SnCudkw5UPqdn5NnLGX3lXXgukCFP3LlgpSnv9iZ3L8ZeAdWohHPMEONbGeYiQYZs5TJ4bm9cyl48SrWov63_PcqEoEa_YEVbtB5jZQslOGl6X3q6dAPx84I6UQYUlroSCgmknusnakFvI1uz8w&cce=2&category=acrcp_v1_35&sig=AOD64_2MNxBG4gcKEMUDOsEAFKZuw_39_A&adurl&q&ctype=99&nis=6","https://www.google.com/maps/place/The+Academy+ECE+of+Westminster/data=!4m7!3m6!1s0x876b8a17606f1f27:0x9e6888787561ba3c!8m2!3d39.900913!4d-105.051468!16s%2Fg%2F1th5jyz3!19sChIJJx9vYBeKa4cRPLphdXiIaJ4?authuser=0&hl=en&rclk=1","General office","303-438-8610","","Unknown","Early education / childcare prospect from user list","Preschool; 4.6 rating; 68 Google reviews","Public website and Google listing are present; audit should focus on turning parent interest into inquiry or tour requests.","Verify city/contact, add one school-specific observation, then email and call.","","","Imported from user CSV. Address: Closed. Hours/export note: Opens 6:45 AM Thu."
"B","New Lead","The Children's Center Preschool","Needs city verification, CO","https://mckaychildcenter.com/","https://www.google.com/maps/place/The+Children%27s+Center+Preschool/data=!4m7!3m6!1s0x876c75662d91fa95:0x69833dbd0ee13114!8m2!3d39.9521423!4d-105.0214389!16s%2Fg%2F1th5jz00!19sChIJlfqRLWZ1bIcRFDHhDr09g2k?authuser=0&hl=en&rclk=1","General office","303-438-9788","","Unknown","Early education / childcare prospect from user list","Preschool; 5 rating; 59 Google reviews","Public website and Google listing are present; audit should focus on turning parent interest into inquiry or tour requests. Review language suggests parent trust can be used more intentionally.","Verify city/contact, add one school-specific observation, then email and call.","","","Imported from user CSV. Address: 14076 McKay Park Cir. Hours/export note: Closed."
"B","New Lead","The Goddard School of Thornton","Needs city verification, CO","https://www.goddardschool.com/schools/co/thornton/thornton?utm_source=google&utm_medium=business_listings&utm_campaign=school&utm_content=main_button","https://www.google.com/maps/place/The+Goddard+School+of+Thornton/data=!4m7!3m6!1s0x876c73808ae94c2f:0x313acca6b5617381!8m2!3d39.9434022!4d-104.9373735!16s%2Fg%2F1tf6h3nb!19sChIJL0zpioBzbIcRgXNhtabMOjE?authuser=0&hl=en&rclk=1","General office","303-254-4144","","Unknown","Early education / childcare prospect from user list","Day care center; 4.7 rating; 45 Google reviews","Public website and Google listing are present; audit should focus on turning parent interest into inquiry or tour requests. Review language suggests parent trust can be used more intentionally.","Call today or next business morning and ask for owner/director/enrollment contact.","2026-06-04","","Imported from user CSV. Address: 4203 E 136th Ave. Hours/export note: Closed. Facebook page messaged 2026-06-04."
"B","New Lead","The Goddard School of Westminster","Needs city verification, CO","https://www.goddardschool.com/schools/co/westminster/westminster?utm_source=google&utm_medium=business_listings&utm_campaign=school&utm_content=main_button","https://www.google.com/maps/place/The+Goddard+School+of+Westminster/data=!4m7!3m6!1s0x876b8a73251e92bf:0x2f1d2332610dcb19!8m2!3d39.913082!4d-105.040579!16s%2Fg%2F1tx8tps2!19sChIJv5IeJXOKa4cRGcsNYTIjHS8?authuser=0&hl=en&rclk=1","General office","303-635-1790","","Unknown","Early education / childcare prospect from user list","Day care center; 4.8 rating; 68 Google reviews","Public website and Google listing are present; audit should focus on turning parent interest into inquiry or tour requests. Review language suggests parent trust can be used more intentionally.","Verify city/contact, add one school-specific observation, then email and call.","","","Imported from user CSV. Address: 4147 Main St. Hours/export note: Closed."
"B","Needs Call/Email","The Learning Experience - Thornton","Needs city verification, CO","https://thelearningexperience.com/centers/thornton/?utm_source=google&utm_medium=organic&utm_campaign=gbp_listing","https://www.google.com/maps/place/The+Learning+Experience+-+Thornton/data=!4m7!3m6!1s0x876c73e3fbcc2bab:0xaf4b2319301bea08!8m2!3d39.9118279!4d-104.9228937!16s%2Fg%2F11f4lf1yhh!19sChIJqyvM--NzbIcRCOobMBkjS68?authuser=0&hl=en&rclk=1","General office","303-450-9652","","Unknown","Early education / childcare prospect from user list","Day care center; 4.4 rating; 28 Google reviews","Public website and Google listing are present; audit should focus on turning parent interest into inquiry or tour requests. Review language suggests parent trust can be used more intentionally.","Facebook returned auto-DM; call 303-450-9652 or find/send email/contact form. Ask for center director or enrollment contact.","2026-06-04","","Imported from user CSV. Address: 11901 Holly St. Hours/export note: Closes soon. Facebook page messaged 2026-06-04. Facebook 2026-06-04: auto-DM response only; treat as not meaningfully reached. Use call/email/contact form next."
"B","New Lead","The Learning Experience - Westminster - Orchard","Needs city verification, CO","https://thelearningexperience.com/centers/westminster-orchard/?utm_source=google&utm_medium=organic&utm_campaign=gbp_listing","https://www.google.com/maps/place/The+Learning+Experience+-+Westminster+-+Orchard/data=!4m7!3m6!1s0x876c750625e7b5a9:0x832ea90032976ae5!8m2!3d39.9417931!4d-104.9985355!16s%2Fg%2F11f3_5dz1v!19sChIJqbXnJQZ1bIcR5WqXMgCpLoM?authuser=0&hl=en&rclk=1","General office","303-451-1373","","Unknown","Early education / childcare prospect from user list","Day care center; 4.5 rating; 38 Google reviews","Public website and Google listing are present; audit should focus on turning parent interest into inquiry or tour requests. Review language suggests parent trust can be used more intentionally.","Verify city/contact, add one school-specific observation, then email and call.","","","Imported from user CSV. Address: 13539 Huron St. Hours/export note: Closes soon."
"B","New Lead","The Springs Montessori","Colorado Springs, CO","https://www.springsmontessori.com","https://www.springsmontessori.com/admission-process/","Info","","info@springsmontessori.com","Unknown","Regional Montessori with structured admissions process","Tours scheduled weekday mornings; application follows tour","Admissions page is clear; audit can focus on whether Google/search and homepage drive to tour","Find phone; send admission-process observation email","","","Good regional prospect."
"B","New Lead","Thomas Learning Centers","Needs city verification, CO","http://thomaslearningcenters.com/","https://www.google.com/maps/place/Thomas+Learning+Centers/data=!4m7!3m6!1s0x876b882cbf412e57:0xcbae074e04b338ad!8m2!3d39.8512326!4d-105.0396878!16s%2Fg%2F11b5wn9wjc!19sChIJVy5BvyyIa4cRrTizBE4Hrss?authuser=0&hl=en&rclk=1","General office","303-427-8831","","Unknown","Early education / childcare prospect from user list","Preschool; 4.2 rating; 30 Google reviews","Public website and Google listing are present; audit should focus on turning parent interest into inquiry or tour requests. Review language suggests parent trust can be used more intentionally.","Verify city/contact, add one school-specific observation, then email and call.","","","Imported from user CSV. Address: 4000 Shaw Blvd. Hours/export note: Closed."
"B","New Lead","Tree of Life Childcare","Needs city verification, CO","https://treeoflifechildcarecolorado.com/","https://www.google.com/maps/place/Tree+of+Life+Childcare/data=!4m7!3m6!1s0x876c7741198392bf:0x329d41f223b6e4d9!8m2!3d39.8649989!4d-104.9408243!16s%2Fg%2F11nxc54c80!19sChIJv5KDGUF3bIcR2eS2I_JBnTI?authuser=0&hl=en&rclk=1","General office","970-319-5321","","Unknown","Early education / childcare prospect from user list","Day care center; 5 rating; 15 Google reviews","Public website and Google listing are present; audit should focus on turning parent interest into inquiry or tour requests. Review language suggests parent trust can be used more intentionally.","Verify city/contact, add one school-specific observation, then email and call.","","","Imported from user CSV. Address: . Hours/export note: Closed."
"B","New Lead","Treehouse Montessori School","Fort Collins, CO","https://www.treehousemontessori.com","https://www.treehousemontessori.com/","General admissions","","","Unknown","Regional Montessori community; appears growth/change oriented","Openings for 2026/2027 school year; schedule a tour; apply to enroll","Openings language creates strong hook; audit can focus on converting interest into tours","Find contact details, then send","","","Good regional expansion prospect."
"B","New Lead","Wooden Shoe","Needs city verification, CO","http://www.woodenshoe-childcare.com/","https://www.google.com/maps/place/Wooden+Shoe/data=!4m7!3m6!1s0x876b890bf076eb47:0xa4a06d93c20aa879!8m2!3d39.8620821!4d-105.0841506!16s%2Fg%2F1tykvwj2!19sChIJR-t28AuJa4cReagKwpNtoKQ?authuser=0&hl=en&rclk=1","General office","303-422-6195","","Unknown","Early education / childcare prospect from user list","Preschool; 4.1 rating; 22 Google reviews","Public website and Google listing are present; audit should focus on turning parent interest into inquiry or tour requests. Review language suggests parent trust can be used more intentionally.","Verify city/contact, add one school-specific observation, then email and call.","","","Imported from user CSV. Address: 9180 Yarrow St. Hours/export note: Closed."
"C","New Lead","A Monkey Business Child Care & Pre-School","Needs city verification, CO","","https://www.google.com/maps/place/A+Monkey+Business+Child+Care+%26+Pre-School/data=!4m7!3m6!1s0x876c73ed6c9c92f3:0x8c5d4adfcf36a74b!8m2!3d39.8641395!4d-104.9689469!16s%2Fg%2F11kw4nk12s!19sChIJ85KcbO1zbIcRS6c2z99KXYw?authuser=0&hl=en&rclk=1","General office","720-253-3499","","Unknown","Early education / childcare prospect from user list","Day care center; 5 rating; 4 Google reviews","No public website captured in the export; verify whether they have a weak or missing web presence before emailing. Review language suggests parent trust can be used more intentionally.","Verify city/contact, add one school-specific observation, then email and call.","","","Imported from user CSV. Address: 1440 Phoenix Ct. Hours/export note: Opens 6:45 AM Thu."
"C","New Lead","Apple Tree Christian Preschool & Kindergarten","Needs city verification, CO","https://www.broomfieldumc.org/apple-tree-christian/","https://www.google.com/maps/place/Apple+Tree+Christian+Preschool+%26+Kindergarten/data=!4m7!3m6!1s0x876b8affb6e80057:0x4ff1ad88826437ea!8m2!3d39.9297533!4d-105.0774737!16s%2Fg%2F1tp0f4n3!19sChIJVwDotv-Ka4cR6jdkgoit8U8?authuser=0&hl=en&rclk=1","General office","303-466-8365","","Unknown","Early education / childcare prospect from user list","Preschool; 5 rating; 7 Google reviews","Public website and Google listing are present; audit should focus on turning parent interest into inquiry or tour requests. Review language suggests parent trust can be used more intentionally.","Verify city/contact, add one school-specific observation, then email and call.","","","Imported from user CSV. Address: 545 W 10th Ave. Hours/export note: Closed."
"C","New Lead","Bright Beginnings Thornton","Needs city verification, CO","http://brightbeginningsthornton.com/","https://www.google.com/maps/place/Bright+Beginnings+Thornton/data=!4m7!3m6!1s0xdc12e1a0c874455:0x3f41728a6074c974!8m2!3d39.913954!4d-104.9126095!16s%2Fg%2F11sx6tzyy4!19sChIJVUSHDBouwQ0RdMl0YIpyQT8?authuser=0&hl=en&rclk=1","General office","303-489-3137","","Unknown","Early education / childcare prospect from user list","Family day care service; 5 rating; 4 Google reviews","Public website and Google listing are present; audit should focus on turning parent interest into inquiry or tour requests. Review language suggests parent trust can be used more intentionally.","Verify city/contact, add one school-specific observation, then email and call.","","","Imported from user CSV. Address: . Hours/export note: Closed."
"C","New Lead","Casey's Clubhouse","Needs city verification, CO","https://www.wonderschool.com/co/northglenn/casey%27s-clubhouse-10343","https://www.google.com/maps/place/Casey%27s+Clubhouse/data=!4m7!3m6!1s0x876c772d1a6bd7bf:0xdaa863d0457bcb84!8m2!3d39.8925246!4d-105.0030712!16s%2Fg%2F11lcq3hjq0!19sChIJv9drGi13bIcRhMt7RdBjqNo?authuser=0&hl=en&rclk=1","General office","615-975-5966","","Unknown","Early education / childcare prospect from user list","Day care center; rating not captured; review count not captured","Public website and Google listing are present; audit should focus on turning parent interest into inquiry or tour requests.","Verify city/contact, add one school-specific observation, then email and call.","","","Imported from user CSV. Address: 10799 Brewer Dr. Hours/export note: Closed."
"C","New Lead","Champions at Westgate","Needs city verification, CO","https://www.discoverchampions.com/our-locations/thornton/co/001912?utm_campaign=cp-lg&utm_source=yext&utm_medium=pro&utm_keyword=&utm_platform=&utm_matchtype=&utm_adgroupid=&utm_content=gmb&y_source=1_OTQ2MzQyOC03MTUtbG9jYXRpb24ud2Vic2l0ZQ%3D%3D","https://www.google.com/maps/place/Champions+at+Westgate/data=!4m7!3m6!1s0x876c7448e3a3927f:0xac24ade5585ae5fb!8m2!3d39.9241501!4d-104.9765804!16s%2Fg%2F11f01j_7n2!19sChIJf5Kj40h0bIcR--VaWOWtJKw?authuser=0&hl=en&rclk=1","General office","720-375-4875","","Unknown","Adjacent education prospect; verify enrollment economics before outreach","After school program; 4.8 rating; 4 Google reviews","Public website and Google listing are present; audit should focus on turning parent interest into inquiry or tour requests. Review language suggests parent trust can be used more intentionally.","Verify city/contact, add one school-specific observation, then email and call.","","","Imported from user CSV. Address: 12500 Washington St. Hours/export note: ."
"C","New Lead","Coronado Hills Elementary School","Needs city verification, CO","http://coronado.adams12.org/","https://www.google.com/maps/place/Coronado+Hills+Elementary+School/data=!4m7!3m6!1s0x876c771115f8fd37:0xb75463d4003b9d2a!8m2!3d39.848359!4d-104.969599!16s%2Fm%2F0767k2f!19sChIJN_34FRF3bIcRKp07ANRjVLc?authuser=0&hl=en&rclk=1","General office","720-972-5320","","Unknown","Early education / childcare prospect from user list","Preschool; rating not captured; review count not captured","Public website and Google listing are present; audit should focus on turning parent interest into inquiry or tour requests.","Verify city/contact, add one school-specific observation, then email and call.","","","Imported from user CSV. Address: 8300 Downing Dr. Hours/export note: Closed."
"C","New Lead","Cozy Cottage Childcare","Needs city verification, CO","https://wonderschool.com/ref/23028","https://www.google.com/maps/place/Cozy+Cottage+Childcare/data=!4m7!3m6!1s0x876c77b1090a0927:0xb57f3f0ef6a0c883!8m2!3d39.8865378!4d-104.9674601!16s%2Fg%2F11ln_29bcw!19sChIJJwkKCbF3bIcRg8ig9g4_f7U?authuser=0&hl=en&rclk=1","General office","720-343-6190","","Unknown","Early education / childcare prospect from user list","Day care center; 5 rating; 1 Google reviews","Public website and Google listing are present; audit should focus on turning parent interest into inquiry or tour requests. Review language suggests parent trust can be used more intentionally.","Verify city/contact, add one school-specific observation, then email and call.","","","Imported from user CSV. Address: 10474 Franklin Way. Hours/export note: Closed."
"C","New Lead","Creative Minds Early Learning Center","Needs city verification, CO","","https://www.google.com/maps/place/Creative+Minds+Early+Learning+Center/data=!4m7!3m6!1s0x876c7701a5438c9f:0x67f61950c071be0f!8m2!3d39.8611478!4d-105.0104399!16s%2Fg%2F11tk6d7x68!19sChIJn4xDpQF3bIcRD75xwFAZ9mc?authuser=0&hl=en&rclk=1","General office","","","Unknown","Early education / childcare prospect from user list","Child care agency; 5 rating; 3 Google reviews","No public website captured in the export; verify whether they have a weak or missing web presence before emailing.","Verify city/contact, add one school-specific observation, then email and call.","","","Imported from user CSV. Address: Closed. Hours/export note: Opens 6 AM Thu."
"C","New Lead","Creekside Head Start","Needs city verification, CO","https://adcogov.org/head-start","https://www.google.com/maps/place/Creekside+Head+Start/data=!4m7!3m6!1s0x876c764c4edd5f23:0x54330872b31fa9a6!8m2!3d39.8603434!4d-105.0000311!16s%2Fg%2F1tj6v9pl!19sChIJI1_dTkx2bIcRpqkfs3IIM1Q?authuser=0&hl=en&rclk=1","General office","720-540-4836","","Unknown","Early education / childcare prospect from user list","Preschool; 3.5 rating; 6 Google reviews","Public website and Google listing are present; audit should focus on turning parent interest into inquiry or tour requests. Review language suggests parent trust can be used more intentionally.","Verify city/contact, add one school-specific observation, then email and call.","","","Imported from user CSV. Address: 9189 Gale Blvd. Hours/export note: Closed."
"C","New Lead","Douros Daycare & Learning Center","Needs city verification, CO","","https://www.google.com/maps/place/Douros+Daycare+%26+Learning+Center/data=!4m7!3m6!1s0x876c7456455893c3:0xdb34c340ac0c589e!8m2!3d39.9389068!4d-104.977609!16s%2Fg%2F11cn3kcgg5!19sChIJw5NYRVZ0bIcRnlgMrEDDNNs?authuser=0&hl=en&rclk=1","General office","314-583-4182","","Unknown","Early education / childcare prospect from user list","Day care center; rating not captured; review count not captured","No public website captured in the export; verify whether they have a weak or missing web presence before emailing.","Verify city/contact, add one school-specific observation, then email and call.","","","Imported from user CSV. Address: 13343 Clarkson St. Hours/export note: Opens 7 AM Thu."
"C","New Lead","Early Learning Center at Gregory Hill","Needs city verification, CO","https://gregoryhill.wps.org/","https://www.google.com/maps/place/Early+Learning+Center+at+Gregory+Hill/data=!4m7!3m6!1s0x876c77d9c9939ee7:0x21a698deb3649342!8m2!3d39.8424326!4d-105.0291908!16s%2Fg%2F11bwkb6tnp!19sChIJ556Tydl3bIcRQpNks96YpiE?authuser=0&hl=en&rclk=1","General office","303-428-1560","","Unknown","Early education / childcare prospect from user list","Preschool; 3 rating; 6 Google reviews","Public website and Google listing are present; audit should focus on turning parent interest into inquiry or tour requests. Review language suggests parent trust can be used more intentionally.","Verify city/contact, add one school-specific observation, then email and call.","","","Imported from user CSV. Address: 8030 Irving St. Hours/export note: Closed."
"C","New Lead","Fort Collins Montessori School","Fort Collins, CO","https://www.focomontessori.org","https://www.focomontessori.org/","School office","970-631-8612","","Unknown","Public charter Montessori; lower priority due to lottery/public structure","Schedule a Tour; lottery admission","Public lottery model may reduce need for paid enrollment sprint","Lower-priority call only if private prospects are exhausted","","","Use as nurture or research source"
"C","New Lead","Frassati Catholic Academy","Needs city verification, CO","http://gofrassati.org/","https://www.google.com/maps/place/Frassati+Catholic+Academy/data=!4m7!3m6!1s0x876c747784dc7691:0xd84827b48d9bf571!8m2!3d39.9347658!4d-104.9412256!16s%2Fg%2F11c6cy4mjl!19sChIJkXbchHd0bIcRcfWbjbQnSNg?authuser=0&hl=en&rclk=1","General office","303-451-9607","","Unknown","Adjacent education prospect; verify enrollment economics before outreach","Private educational institution; rating not captured; review count not captured","Public website and Google listing are present; audit should focus on turning parent interest into inquiry or tour requests.","Verify city/contact, add one school-specific observation, then email and call.","","","Imported from user CSV. Address: 3951 Cottonwood Lakes Blvd. Hours/export note: Closed."
"C","New Lead","Good Shepard TLC Preschool","Needs city verification, CO","","https://www.google.com/maps/place/Good+Shepard+TLC+Preschool/data=!4m7!3m6!1s0x876c747450885325:0xc240d22660e94dac!8m2!3d39.9275904!4d-104.9428995!16s%2Fg%2F1tf87l1x!19sChIJJVOIUHR0bIcRrE3pYCbSQMI?authuser=0&hl=en&rclk=1","General office","303-450-0119","","Unknown","Early education / childcare prospect from user list","Preschool; 5 rating; 2 Google reviews","No public website captured in the export; verify whether they have a weak or missing web presence before emailing.","Verify city/contact, add one school-specific observation, then email and call.","","","Imported from user CSV. Address: . Hours/export note: ."
"C","New Lead","Gregory Hill Preschool","Needs city verification, CO","https://gregoryhill.wps.org/","https://www.google.com/maps/place/Gregory+Hill+Preschool/data=!4m7!3m6!1s0x876c77d9cec3efe9:0xcf5fec5abcd77545!8m2!3d39.8423517!4d-105.028976!16s%2Fm%2F076dkdm!19sChIJ6e_Dztl3bIcRRXXXvFrsX88?authuser=0&hl=en&rclk=1","General office","303-428-1560","","Unknown","Early education / childcare prospect from user list","Preschool; 4.4 rating; 8 Google reviews","Public website and Google listing are present; audit should focus on turning parent interest into inquiry or tour requests.","Verify city/contact, add one school-specific observation, then email and call.","","","Imported from user CSV. Address: 8030 Irving St. Hours/export note: ."
"C","New Lead","Hope Montessori Academy","Needs city verification, CO","http://www.montessorichild.com/","https://www.google.com/maps/place/Hope+Montessori+Academy/data=!4m7!3m6!1s0x876c74345aa608bf:0xef130fad08143c6e!8m2!3d39.9181326!4d-104.9807539!16s%2Fg%2F1tdzx6bv!19sChIJvwimWjR0bIcRbjwUCK0PE-8?authuser=0&hl=en&rclk=1","Colorado leadership: Norm Deeba President; Genevieve Bonsall Executive Director; Sarah Penn site director context","303-255-3882","norm.deeba@hopeacademy.com","Norm Deeba (President, Hope Montessori Academy - Colorado); Genevieve Bonsall (Executive Director, Colorado); site director varies by location","Multi-site Montessori early childhood organization; Colorado leadership oversees growth, underperforming programs, operations, and site development","Preschool; rating not captured; review count not captured","Multi-site Montessori organization with location-level tour/enrollment paths; audit should focus on converting parent search interest into tour requests across the specific location.","Decide if this location is outside protected market; if yes, use Norm as executive contact and call the site office.","","","Imported from user CSV. Address: 12290 Pennsylvania St. Hours/export note: Closed. LinkedIn/Apollo context added: Norm Deeba is President at Hope Montessori Academy - Colorado and describes oversight of multi-site Montessori early childhood programs, site development, operations, acquisitions, and transforming underperforming programs. Genevieve Bonsall is Executive Director at Hope Montessori Academy - Colorado and Regional Director. Sarah Penn is Preschool Site Director in Henderson and previously Director at Hope Montessori Academy Broomfield."
"C","New Lead","Hope Montessori Academy","Needs city verification, CO","http://www.montessorichild.com/","https://www.google.com/maps/place/Hope+Montessori+Academy/data=!4m7!3m6!1s0x876b8a72a1516caf:0xdbfb7eada6e0e7d9!8m2!3d39.9132193!4d-105.0437596!16s%2Fg%2F1tdlvrvr!19sChIJr2xRoXKKa4cR2efgpq1--9s?authuser=0&hl=en&rclk=1","Colorado leadership: Norm Deeba President; Genevieve Bonsall Executive Director; Sarah Penn site director context","303-404-9770","norm.deeba@hopeacademy.com","Norm Deeba (President, Hope Montessori Academy - Colorado); Genevieve Bonsall (Executive Director, Colorado); site director varies by location","Multi-site Montessori early childhood organization; Colorado leadership oversees growth, underperforming programs, operations, and site development","Preschool; rating not captured; review count not captured","Multi-site Montessori organization with location-level tour/enrollment paths; audit should focus on converting parent search interest into tour requests across the specific location.","Decide if this location is outside protected market; if yes, use Norm as executive contact and call the site office.","","","Imported from user CSV. Address: 4401 W Main St. Hours/export note: Closed. LinkedIn/Apollo context added: Norm Deeba is President at Hope Montessori Academy - Colorado and describes oversight of multi-site Montessori early childhood programs, site development, operations, acquisitions, and transforming underperforming programs. Genevieve Bonsall is Executive Director at Hope Montessori Academy - Colorado and Regional Director. Sarah Penn is Preschool Site Director in Henderson and previously Director at Hope Montessori Academy Broomfield."
"C","New Lead","Lala Land Preschool","Needs city verification, CO","https://www.lalalandpreschool.com/?utm_source=google&utm_medium=wix_google_business_profile&utm_campaign=6813719828439555021","https://www.google.com/maps/place/Lala+Land+Preschool/data=!4m7!3m6!1s0x876c75d555b923bd:0x6a78ae71b1d796c0!8m2!3d39.9037017!4d-104.9688901!16s%2Fg%2F11y3dw6gsw!19sChIJvSO5VdV1bIcRwJbXsXGueGo?authuser=0&hl=en&rclk=1","General office","720-707-6992","","Unknown","Early education / childcare prospect from user list","Preschool; 5 rating; 1 Google reviews","Public website and Google listing are present; audit should focus on turning parent interest into inquiry or tour requests. Review language suggests parent trust can be used more intentionally.","Verify city/contact, add one school-specific observation, then email and call.","","","Imported from user CSV. Address: 11431 Fowler Dr. Hours/export note: ."
"C","New Lead","Little Blue Jays Child Care","Needs city verification, CO","","https://www.google.com/maps/place/Little+Blue+Jays+Child+Care/data=!4m7!3m6!1s0x876c7686cf55be61:0xf79cd742e57344b!8m2!3d39.8943587!4d-104.9816241!16s%2Fg%2F1261r4bd1!19sChIJYb5Vz4Z2bIcRSzRXLnTNeQ8?authuser=0&hl=en&rclk=1","General office","720-252-4024","","Unknown","Early education / childcare prospect from user list","Day care center; 4.8 rating; 13 Google reviews","No public website captured in the export; verify whether they have a weak or missing web presence before emailing. Review language suggests parent trust can be used more intentionally.","Verify city/contact, add one school-specific observation, then email and call.","","","Imported from user CSV. Address: Closed. Hours/export note: Opens 6 AM Thu."
"C","New Lead","Little Bosses Child Care LLC","Needs city verification, CO","","https://www.google.com/maps/place/Little+Bosses+Child+Care+LLC/data=!4m7!3m6!1s0x876c771b778d7c1f:0x322bfa25cd02dc66!8m2!3d39.8652993!4d-104.9679305!16s%2Fg%2F11n0b113fy!19sChIJH3yNdxt3bIcRZtwCzSX6KzI?authuser=0&hl=en&rclk=1","General office","720-630-8659","","Unknown","Early education / childcare prospect from user list","Child care agency; 3.7 rating; 18 Google reviews","No public website captured in the export; verify whether they have a weak or missing web presence before emailing. Review language suggests parent trust can be used more intentionally.","Verify city/contact, add one school-specific observation, then email and call.","","","Imported from user CSV. Address: Closed. Hours/export note: Opens 6 AM Thu."
"C","New Lead","Little Sproutlings Daycare - Thornton","Needs city verification, CO","https://www.littlesproutlingsdaycarecenter.com/","https://www.google.com/maps/place/Little+Sproutlings+Daycare+-+Thornton/data=!4m7!3m6!1s0x22d45cb1a5158aa9:0xbc4f2a442753e355!8m2!3d39.9108934!4d-104.8821155!16s%2Fg%2F11v3zt4m4_!19sChIJqYoVpbFc1CIRVeNTJ0QqT7w?authuser=0&hl=en&rclk=1","General office","720-323-3822","","Unknown","Early education / childcare prospect from user list","Day care center; 5 rating; 9 Google reviews","Public website and Google listing are present; audit should focus on turning parent interest into inquiry or tour requests. Review language suggests parent trust can be used more intentionally.","Verify city/contact, add one school-specific observation, then email and call.","","","Imported from user CSV. Address: . Hours/export note: Closed."
"C","New Lead","Lord of Life Lutheran School","Needs city verification, CO","https://lordoflife.net/school/","https://www.google.com/maps/place/Lord+of+Life+Lutheran+School/data=!4m7!3m6!1s0x876c73f997e30bb1:0xad08e89f60c21dfa!8m2!3d39.9144169!4d-104.9344873!16s%2Fg%2F11bw2jl9pf!19sChIJsQvjl_lzbIcR-h3CYJ_oCK0?authuser=0&hl=en&rclk=1","General office","303-457-2408","","Unknown","Adjacent education prospect; verify enrollment economics before outreach","Private educational institution; rating not captured; review count not captured","Public website and Google listing are present; audit should focus on turning parent interest into inquiry or tour requests. Review language suggests parent trust can be used more intentionally.","Verify city/contact, add one school-specific observation, then email and call.","","","Imported from user CSV. Address: 12021 Northaven Cir. Hours/export note: Closed."
"C","New Lead","Milestones Early Learning & Preschool","Needs city verification, CO","http://www.milestoneselp.org/","https://www.google.com/maps/place/Milestones+Early+Learning+%26+Preschool/data=!4m7!3m6!1s0x876c75b5357c3e77:0xa93053f2fa88f60a!8m2!3d39.9157385!4d-105.0080418!16s%2Fg%2F11rcn02h23!19sChIJdz58NbV1bIcRCvaI-vJTMKk?authuser=0&hl=en&rclk=1","General office","303-280-5880","","Unknown","Early education / childcare prospect from user list","Day care center; 3.3 rating; 9 Google reviews","Public website and Google listing are present; audit should focus on turning parent interest into inquiry or tour requests. Review language suggests parent trust can be used more intentionally.","Verify city/contact, add one school-specific observation, then email and call.","","","Imported from user CSV. Address: 1650 W 121st Ave. Hours/export note: Closed."
"C","New Lead","Mindful Explorers Montessori","Centennial, CO","https://www.themindfulexplorers.com","https://www.themindfulexplorers.com/","Founder Amy / contact form","","","Amy","In-home toddler Montessori; niche fit but likely lower capacity","Schedule your phone interview; tours in fall and spring","Small program may not justify retainer; audit only if clear capacity and revenue need","Lower-priority research; consider nurture","","","Likely too small for $2k unless expanding."
"C","New Lead","MOMâ€™S HOUSE ACADEMY","Needs city verification, CO","https://www.momshouselearningcenter.com/","https://www.google.com/maps/place/MOM%E2%80%99S+HOUSE+ACADEMY/data=!4m7!3m6!1s0x876c755029c64849:0x90abf9fcce24da9c!8m2!3d39.9132499!4d-104.9552675!16s%2Fg%2F11y3h9r9gz!19sChIJSUjGKVB1bIcRnNokzvz5q5A?authuser=0&hl=en&rclk=1","General office","720-800-7259","","Unknown","Early education / childcare prospect from user list","Preschool; rating not captured; review count not captured","Public website and Google listing are present; audit should focus on turning parent interest into inquiry or tour requests.","Verify city/contact, add one school-specific observation, then email and call.","","","Imported from user CSV. Address: 2636 E 120th Ave. Hours/export note: Closed."
"C","New Lead","Monarch Montessori of Denver","Denver, CO","https://www.monarchm.com","https://www.monarchm.com/tours/","Info","303-712-2001","info@monarchm.com","Unknown","Montessori with Pre-K and elementary; public charter/nonprofit complexity","Tour page and program-selection path","May have slower approval path; audit could focus on inquiry/tour clarity but treat as lower priority","Call to identify decision process before email","","","Lower priority due to charter structure."
"C","New Lead","Montessori Early Learning Center Preschool and Kindergarten","Needs city verification, CO","","https://www.google.com/maps/place/Montessori+Early+Learning+Center+Preschool+and+Kindergarten/data=!4m7!3m6!1s0x876c77ab7bfe383d:0x1a4165250e012111!8m2!3d39.8902589!4d-104.9783604!16s%2Fg%2F11r9x40cyw!19sChIJPTj-e6t3bIcRESEBDiVlQRo?authuser=0&hl=en&rclk=1","General office","303-451-6908","","Unknown","Early education / childcare prospect from user list","Preschool; rating not captured; review count not captured","No public website captured in the export; verify whether they have a weak or missing web presence before emailing.","Verify city/contact, add one school-specific observation, then email and call.","","","Imported from user CSV. Address: . Hours/export note: ."
"C","New Lead","My little playhouse bilingual childcare","Needs city verification, CO","","https://www.google.com/maps/place/My+little+playhouse+bilingual+childcare/data=!4m7!3m6!1s0x876c77dbbb57dc6d:0xdf34fb7a8c21fa04!8m2!3d39.8876153!4d-104.9497256!16s%2Fg%2F11m6lhz60k!19sChIJbdxXu9t3bIcRBPohjHr7NN8?authuser=0&hl=en&rclk=1","General office","720-472-8771","","Unknown","Early education / childcare prospect from user list","Day care center; 5 rating; 13 Google reviews","No public website captured in the export; verify whether they have a weak or missing web presence before emailing. Review language suggests parent trust can be used more intentionally.","Verify city/contact, add one school-specific observation, then email and call.","","","Imported from user CSV. Address: Closed. Hours/export note: Opens 7:30 AM Thu."
"C","New Lead","New generation","Needs city verification, CO","","https://www.google.com/maps/place/New+generation/data=!4m7!3m6!1s0x876c770038759593:0x7e834f27d412a536!8m2!3d39.860246!4d-104.9774989!16s%2Fg%2F11vwk52hfd!19sChIJk5V1OAB3bIcRNqUS1CdPg34?authuser=0&hl=en&rclk=1","General office","","","Unknown","Early education / childcare prospect from user list","Kindergarten; rating not captured; review count not captured","No public website captured in the export; verify whether they have a weak or missing web presence before emailing.","Verify city/contact, add one school-specific observation, then email and call.","","","Imported from user CSV. Address: . Hours/export note: ."
"C","New Lead","Northglenn Head Start","Needs city verification, CO","https://upk.colorado.gov/providers/5cea4e4f-8c18-4e95-abff-c7b9c08ddf37","https://www.google.com/maps/place/Northglenn+Head+Start/data=!4m7!3m6!1s0x876c7732b5507557:0x8d0d7e6729adbea2!8m2!3d39.8902589!4d-104.9783604!16s%2Fg%2F11y29dj4_z!19sChIJV3VQtTJ3bIcRor6tKWd-DY0?authuser=0&hl=en&rclk=1","General office","720-523-4870","","Unknown","Early education / childcare prospect from user list","Preschool; 4 rating; 1 Google reviews","Public website and Google listing are present; audit should focus on turning parent interest into inquiry or tour requests.","Verify city/contact, add one school-specific observation, then email and call.","","","Imported from user CSV. Address: 10675 Washington St. Hours/export note: Closed."
"C","New Lead","Orchard Park Academy","Needs city verification, CO","https://opa.wps.org/","https://www.google.com/maps/place/Orchard+Park+Academy/data=!4m7!3m6!1s0x876c7811245954c3:0x7004d9de06d733fe!8m2!3d39.8299173!4d-105.0161143!16s%2Fm%2F076j3h7!19sChIJw1RZJBF4bIcR_jPXBt7ZBHA?authuser=0&hl=en&rclk=1","General office","303-428-2300","","Unknown","Early education / childcare prospect from user list","Preschool; rating not captured; review count not captured","Public website and Google listing are present; audit should focus on turning parent interest into inquiry or tour requests.","Verify city/contact, add one school-specific observation, then email and call.","","","Imported from user CSV. Address: 7395 Zuni St. Hours/export note: Closed."
"C","New Lead","Peak Summer Camp & After School Program","Needs city verification, CO","https://peakkidsmvp.com/","https://www.google.com/maps/place/Peak+Summer+Camp+%26+After+School+Program/data=!4m7!3m6!1s0x876c7562a186b315:0xfde06934aef2ff16!8m2!3d39.9220878!4d-104.9785631!16s%2Fg%2F11v4m7rxld!19sChIJFbOGoWJ1bIcRFv_yrjRp4P0?authuser=0&hl=en&rclk=1","General office","303-908-4332","","Unknown","Adjacent education prospect; verify enrollment economics before outreach","After school program; 5 rating; 41 Google reviews","Public website and Google listing are present; audit should focus on turning parent interest into inquiry or tour requests. Review language suggests parent trust can be used more intentionally.","Verify city/contact, add one school-specific observation, then email and call.","","","Imported from user CSV. Address: 12421 Washington St. Hours/export note: Closed."
"C","New Lead","PlayologyCO","Needs city verification, CO","http://playologyco.com/","https://www.google.com/maps/place/PlayologyCO/data=!4m7!3m6!1s0x876b8b0977207b2d:0xc398570bce6f0502!8m2!3d39.9274606!4d-104.9431975!16s%2Fg%2F11mvpjglbt!19sChIJLXsgdwmLa4cRAgVvzgtXmMM?authuser=0&hl=en&rclk=1","General office","720-737-3210","","Unknown","Early education / childcare prospect from user list","Child care agency; 5 rating; 3 Google reviews","Public website and Google listing are present; audit should focus on turning parent interest into inquiry or tour requests. Review language suggests parent trust can be used more intentionally.","Verify city/contact, add one school-specific observation, then email and call.","","","Imported from user CSV. Address: 3960 E 128th Ave. Hours/export note: Closed."
"C","New Lead","Preschool on Poze","Needs city verification, CO","https://pop.mapleton.us/","https://www.google.com/maps/place/Preschool+on+Poze/data=!4m7!3m6!1s0x876c775ab2ecf029:0x9e1241fb063f2022!8m2!3d39.8628637!4d-104.9574103!16s%2Fg%2F11mvtr7vjt!19sChIJKfDsslp3bIcRIiA_BvtBEp4?authuser=0&hl=en&rclk=1","General office","303-853-1570","","Unknown","Early education / childcare prospect from user list","Preschool; 5 rating; 5 Google reviews","Public website and Google listing are present; audit should focus on turning parent interest into inquiry or tour requests.","Verify city/contact, add one school-specific observation, then email and call.","","","Imported from user CSV. Address: 2410 Poze Blvd. Hours/export note: Closes soon."
"C","New Lead","Rachelâ€˜s Trib In-Home Preschool accepting UPK","Needs city verification, CO","","https://www.google.com/maps/place/Rachel%E2%80%98s+Trib+In-Home+Preschool+accepting+UPK/data=!4m7!3m6!1s0x876c73c7882fff3d:0xbbfc0a54e49b1d5d!8m2!3d39.9086044!4d-104.9364041!16s%2Fg%2F11z4z9b79b!19sChIJPf8viMdzbIcRXR2b5FQK_Ls?authuser=0&hl=en&rclk=1","General office","402-297-7457","","Unknown","Early education / childcare prospect from user list","Preschool; rating not captured; review count not captured","No public website captured in the export; verify whether they have a weak or missing web presence before emailing.","Verify city/contact, add one school-specific observation, then email and call.","","","Imported from user CSV. Address: Closed. Hours/export note: Opens 8:15 AM Thu."
"C","New Lead","Sanville Pre-School","Needs city verification, CO","https://sanville.adams14.org/","https://www.google.com/maps/place/Sanville+Pre-School/data=!4m7!3m6!1s0x876c7a13865ff1f7:0x68510468666c1e52!8m2!3d39.8130889!4d-104.9194024!16s%2Fg%2F1vhq45t2!19sChIJ9_FfhhN6bIcRUh5sZmgEUWg?authuser=0&hl=en&rclk=1","General office","303-853-5675","","Unknown","Early education / childcare prospect from user list","Preschool; 5 rating; 2 Google reviews","Public website and Google listing are present; audit should focus on turning parent interest into inquiry or tour requests.","Verify city/contact, add one school-specific observation, then email and call.","","","Imported from user CSV. Address: 5941 E 64th Ave. Hours/export note: ."
"C","New Lead","St John's Early Learning Center","Needs city verification, CO","http://stjohnsearlylearningcenter.org/","https://www.google.com/maps/place/St+John%27s+Early+Learning+Center/data=!4m7!3m6!1s0x876c76ad38381a47:0x710da366a3cc6553!8m2!3d39.8969616!4d-104.939798!16s%2Fg%2F11cn3vfs30!19sChIJRxo4OK12bIcRU2XMo2ajDXE?authuser=0&hl=en&rclk=1","General office","303-920-2142","","Unknown","Early education / childcare prospect from user list","Preschool; 4.1 rating; 9 Google reviews","Public website and Google listing are present; audit should focus on turning parent interest into inquiry or tour requests. Review language suggests parent trust can be used more intentionally.","Verify city/contact, add one school-specific observation, then email and call.","","","Imported from user CSV. Address: 11040 Colorado Blvd. Hours/export note: Closes soon."
"C","New Lead","Stellar Elementary School","Needs city verification, CO","https://stellar.adams12.org/","https://www.google.com/maps/place/Stellar+Elementary+School/data=!4m7!3m6!1s0x876c740bad2c1b5d:0x2a5d376f8d890aa3!8m2!3d39.9225586!4d-104.9418744!16s%2Fm%2F09vbl8p!19sChIJXRssrQt0bIcRowqJjW83XSo?authuser=0&hl=en&rclk=1","General office","720-972-2340","","Unknown","Early education / childcare prospect from user list","Preschool; rating not captured; review count not captured","Public website and Google listing are present; audit should focus on turning parent interest into inquiry or tour requests.","Verify city/contact, add one school-specific observation, then email and call.","","","Imported from user CSV. Address: 3901 E 124th Ave. Hours/export note: Closed."
"C","New Lead","Sweet Pea Center For Early Learning","Needs city verification, CO","http://www.sweetpeacenter.com/","https://www.google.com/maps/place/Sweet+Pea+Center+For+Early+Learning/data=!4m7!3m6!1s0x876c744d14a0f867:0xbe03df7279c1cf59!8m2!3d39.928199!4d-104.9833154!16s%2Fg%2F1tcyljhx!19sChIJZ_igFE10bIcRWc_BeXLfA74?authuser=0&hl=en&rclk=1","General office","303-457-1412","","Unknown","Early education / childcare prospect from user list","Day care center; 4.8 rating; 6 Google reviews","Public website and Google listing are present; audit should focus on turning parent interest into inquiry or tour requests. Review language suggests parent trust can be used more intentionally.","Verify city/contact, add one school-specific observation, then email and call.","","","Imported from user CSV. Address: 320 E 128th Ave. Hours/export note: Closed."
"C","New Lead","Tammy's Hug A Bear Childcare & Preschool","Needs city verification, CO","","https://www.google.com/maps/place/Tammy%27s+Hug+A+Bear+Childcare+%26+Preschool/data=!4m7!3m6!1s0x876c76174f2edf95:0xf5346d8e97c28ae4!8m2!3d39.8794561!4d-105.0196851!16s%2Fg%2F1hc2jb988!19sChIJld8uTxd2bIcR5IrCl45tNPU?authuser=0&hl=en&rclk=1","General office","303-466-6659","","Unknown","Early education / childcare prospect from user list","Preschool; 5 rating; 2 Google reviews","No public website captured in the export; verify whether they have a weak or missing web presence before emailing.","Verify city/contact, add one school-specific observation, then email and call.","","","Imported from user CSV. Address: Closed. Hours/export note: Opens 7 AM Thu."
"C","New Lead","The Early Childhood Center at NUMC","Needs city verification, CO","http://www.numcecc.org/#!location/c2ua","https://www.google.com/maps/place/The+Early+Childhood+Center+at+NUMC/data=!4m7!3m6!1s0x876c7673ab9dc50b:0xccc95864fa9ebaea!8m2!3d39.8894096!4d-105.0058644!16s%2Fg%2F11c1vqfv_6!19sChIJC8Wdq3N2bIcR6rqe-mRYycw?authuser=0&hl=en&rclk=1","General office","303-452-1587","","Unknown","Early education / childcare prospect from user list","Preschool; 5 rating; 9 Google reviews","Public website and Google listing are present; audit should focus on turning parent interest into inquiry or tour requests. Review language suggests parent trust can be used more intentionally.","Verify city/contact, add one school-specific observation, then email and call.","","","Imported from user CSV. Address: 1605 W 106th Ave. Hours/export note: Closed."
"C","New Lead","Thornton Learning Center 2","Needs city verification, CO","","https://www.google.com/maps/place/Thornton+Learning+Center+2/data=!4m7!3m6!1s0x876c76e1607659f1:0x58416f29a1fcaae1!8m2!3d39.8653276!4d-104.9679898!16s%2Fg%2F1tfb2h3r!19sChIJ8Vl2YOF2bIcR4ar8oSlvQVg?authuser=0&hl=en&rclk=1","General office","303-287-2312","","Unknown","Early education / childcare prospect from user list","Preschool; 3 rating; 4 Google reviews","No public website captured in the export; verify whether they have a weak or missing web presence before emailing.","Verify city/contact, add one school-specific observation, then email and call.","","","Imported from user CSV. Address: Closed. Hours/export note: Opens 6:30 AM Thu."
"C","New Lead","Tiny Toddle In","Needs city verification, CO","","https://www.google.com/maps/place/Tiny+Toddle+In/data=!4m7!3m6!1s0x876c76fe0c9c942b:0xcff25d0fd5e83dc1!8m2!3d39.861119!4d-104.9801847!16s%2Fg%2F1tdcgw01!19sChIJK5ScDP52bIcRwT3o1Q9d8s8?authuser=0&hl=en&rclk=1","General office","303-288-3896","","Unknown","Early education / childcare prospect from user list","Day care center; 3 rating; 14 Google reviews","No public website captured in the export; verify whether they have a weak or missing web presence before emailing.","Verify city/contact, add one school-specific observation, then email and call.","","","Imported from user CSV. Address: Closed. Hours/export note: Opens 6:30 AM Thu."
"C","New Lead","Welcome Center","Needs city verification, CO","","https://www.google.com/maps/place/Welcome+Center/data=!4m7!3m6!1s0x876c772155a3add5:0xa857f1a941dee74b!8m2!3d39.8583784!4d-104.9575085!16s%2Fg%2F1tlmntq4!19sChIJ1a2jVSF3bIcRS-feQanxV6g?authuser=0&hl=en&rclk=1","General office","303-853-1780","","Unknown","Adjacent education prospect; verify enrollment economics before outreach","Education center; 2.8 rating; 8 Google reviews","No public website captured in the export; verify whether they have a weak or missing web presence before emailing. Review language suggests parent trust can be used more intentionally.","Verify city/contact, add one school-specific observation, then email and call.","","","Imported from user CSV. Address: Closed. Hours/export note: Opens 8 AM Thu."
"C","New Lead","Willowbrae Academy Thornton","Needs city verification, CO","https://www.willowbraechildcarethorntonco.com/","https://www.google.com/maps/place/Willowbrae+Academy+Thornton/data=!4m7!3m6!1s0x876c751554208c71:0x54e1edeea3fe9ffe!8m2!3d39.9435736!4d-104.9851789!16s%2Fg%2F11xv8wdvlb!19sChIJcYwgVBV1bIcR_p_-o-7t4VQ?authuser=0&hl=en&rclk=1","General office","720-803-9298","","Unknown","Early education / childcare prospect from user list","Day care center; 5 rating; 4 Google reviews","Public website and Google listing are present; audit should focus on turning parent interest into inquiry or tour requests. Review language suggests parent trust can be used more intentionally.","Verify city/contact, add one school-specific observation, then email and call.","","","Imported from user CSV. Address: 91 E 136th Ave. Hours/export note: Closed."
"B","Needs Call/Email","Little Monkeys Pre-school and Childcare","Cheyenne, WY","","","Director","","director@littlemonkeys.com","Director","Cheyenne childcare prospect; website issue creates a clear reason to offer a quick enrollment-path audit","Website is not loading per call note; director email provided by staff","Website not loading is a concrete conversion problem; outreach should be helpful and specific, not generic.","Email director@littlemonkeys.com with a short note referencing the website not loading and offer a quick fix or enrollment-path audit.","2026-06-11","","Call 2026-06-11: told them their website is not loading. Staff gave director email director@littlemonkeys.com. Address: 3238 Sheridan St, Cheyenne, WY 82009."
"C","New Lead","Discovery Unlimited Preschool","Cheyenne, WY","","","General office","","","Unknown","Cheyenne preschool prospect, but capacity timing makes this a later nurture rather than immediate sales target","Said they are filled up until next fall","Ran out of a house; currently full, so immediate enrollment help is unlikely unless they want waitlist or expansion support.","No near-term follow-up. Revisit near next fall planning window if Cheyenne remains a target market.","2026-06-11","","Call 2026-06-11: ran out of a house; said they are filled up until next fall. Address: 515 E 25th St, Cheyenne, WY 82001."
"C","Not Interested","Silly Bear Academy LLC","Cheyenne, WY","","","General office","","","Unknown","Cheyenne childcare prospect, but call feedback suggests poor fit and possible weak local demand","Not interested; said they are broke and that Cheyenne has too much childcare and not enough parent need","Negative market signal from operator: possible oversupply and weak workforce-driven childcare demand in Cheyenne. Treat as qualitative market feedback, not just rejection.","Do not follow up; use note as caution when prioritizing more Cheyenne childcare calls.","2026-06-11","","Call 2026-06-11: not interested; said they are broke. Said there is too much childcare in Cheyenne and people also do not work so they do not need childcare. User note: could be a bad attitude or useful market advice or both; there appear to be many preschools for a small area. Address: 117 W 5th St, Cheyenne, WY 82007."
"B","Needs Call/Email","Discovery Bridge Preschool","Bella Vista, AR","","","General office","","info@discoverybridge.org","Unknown","Arkansas preschool prospect with a concrete Google Business Profile website issue; low-ticket fix or audit may fit","Google Business Profile website link is not connected correctly; school recently hired a web person but is open to seeing an email","The immediate pain is specific and verifiable: parents clicking from Google may not reach the correct website. Position as a small $200-$300 fix or brief audit, not a full marketing retainer.","Email info@discoverybridge.org with a concise recap of the Google Business Profile website issue, the $200-$300 fix range, and what they would get.","2026-06-11","","Call 2026-06-11: told them their website is not connected correctly on the Google My Business profile. They said they just hired a web person. User offered services for about $200 to $300. They said they are good right now, but interested in receiving an email and seeing what it is about. Address: 1715 Forest Hills Blvd, Bella Vista, AR 72715."
"C","Not Interested","Parkside Playschool","Fayetteville, AR","","","Director","","","Director","Arkansas preschool prospect, but waitlist is already full and director declined interest","Waitlist already filled; not interested at this time","Filled waitlist removes the core enrollment-growth need for now. Potential future nurture only if their capacity or waitlist strategy changes.","Do not follow up now; optionally revisit before next enrollment season if Northwest Arkansas remains a focus.","2026-06-11","","Call 2026-06-11: talked to the director. She said their waitlist is already filled and they are not interested at this time. Address: 2460 N Old Wire Rd, Fayetteville, AR 72703."
"C","Not a Fit","Bright Harbor School","Bentonville, AR","","","General office","","","Larger company marketing team","Arkansas preschool/location prospect, but local site does not control marketing or branding decisions","Part of a larger company; local team does not own marketing or branding","Local outreach is unlikely to convert because buying authority sits at the parent-company level. Only pursue if parent-company contact is identified.","Do not follow up at the location level; research parent company only if Bentonville/NWA strategy needs larger operators.","2026-06-11","","Call 2026-06-11: they said they are part of a larger company and do not own any of the marketing or branding. Address: 1002 SW I St, Bentonville, AR 72712."
"B","Needs Call/Email","Stepping Stone Children's Academy","Bentonville, AR","","","Director / owner via generic inbox","","steppingstonenwa@gmail.com","Owner","Arkansas childcare prospect where director confirmed owner makes marketing decisions","Director said the owner makes these decisions; owner was not there; generic email provided","Buyer is owner, but the available route is the generic inbox. Email should ask to forward to owner and reference the director conversation.","Email steppingstonenwa@gmail.com asking to forward to the owner; keep it short and mention that the director said the owner handles these decisions.","2026-06-11","","Call 2026-06-11: talked to the director. They said the owner makes those decisions and she was not there. Gave generic email steppingstonenwa@gmail.com. Address: 1100 NE McClain Rd, Bentonville, AR 72712."
"C","Not Interested","Woodland Academy","Rogers, AR","","","General office","","","Unknown","Arkansas childcare prospect; no current interest from call","Not interested","No active buying signal captured beyond school category and location.","Do not follow up unless a new trigger appears.","2026-06-11","","Call 2026-06-11: not interested. Address: 2701 W New Hope Rd Unit B, Rogers, AR 72758."
"C","Not Interested","Little Einstein Montessori School","Bentonville, AR","","","Director","","","Director","Arkansas Montessori prospect, but recently hired marketing help","Director said they just hired a marketing person and are good","Recently hired marketing person means low timing fit; could be a future competitive/nurture target, but not active now.","Do not follow up now; revisit only after enough time has passed to evaluate whether the new marketing help is working.","2026-06-11","","Call 2026-06-11: got a hold of the director. They said they just hired a marketing person, so they are good. Address: 1110 SE Evergreen St, Bentonville, AR 72712."
